{"age": [9.5, 69.5], "cons.conf.idx": [-50.8, -26.949999999999992], "emp.var.rate": [-3.4, 6.200000000000001], "cons.price.idx": [91.69650000000001, 95.3725], "euribor3m": [0.634, 10.3865], "campaign": [1.0, 6.0], "pdays": [999.0, 999.0], "previous": [0.0, 0.0], "nr.employed": [4905.6, 5421.6]}